{
    "EmitterParam1": {
        "color": [
            1.0,
            1.0,
            1.0,
            1.0
        ],
        "count": 455,
        "frequency": 0.0,
        "isRandomColor": false,
        "isVisualize": true,
        "lifeTime": 1.7000000476837158,
        "range max": [
            0.5,
            0.5,
            0.5
        ],
        "range min": [
            -0.5,
            -0.5,
            -0.5
        ],
        "scale": [
            0.30000001192092896,
            0.30000001192092896,
            0.30000001192092896
        ],
        "translate": [
            -1.0,
            0.0,
            0.0
        ],
        "velocity": [
            1.2999999523162842,
            6.800000190734863,
            56.70000076293945
        ]
    }
}
